{
    "parent": "item/handheld",
    "textures": {
        "layer0": "item/carrot_on_a_stick"
    },

    "overrides": [
        {"predicate": {"custom_model_data": 825561}, "model": "custom_spawner:item/custom_spawner_upgrade_1"},
        {"predicate": {"custom_model_data": 825562}, "model": "custom_spawner:item/custom_spawner_upgrade_2"},
        {"predicate": {"custom_model_data": 825563}, "model": "custom_spawner:item/custom_spawner_upgrade_3"},
        {"predicate": {"custom_model_data": 825564}, "model": "custom_spawner:item/custom_spawner_upgrade_4"},
        {"predicate": {"custom_model_data": 825565}, "model": "custom_spawner:item/custom_spawner_upgrade_5"},
        {"predicate": {"custom_model_data": 825566}, "model": "custom_spawner:item/custom_spawner_upgrade_6"}
    ]

}