{
    "type": "minecraft:crafting_shaped",
    "pattern": [
        "121",
        "141",
        "131"
    ],
    "key": {
        "1": {
            "item": "minecraft:iron_ingot"
        },
        "2": {
            "item": "minecraft:netherite_ingot"
        },
        "3": {
            "item": "minecraft:beacon"
        },
        "4": {
            "item": "minecraft:skeleton_spawn_egg"
        }
    },
    "result": {
        "item": "minecraft:knowledge_book",
        "count": 1
    }
}